89.52465548919113,"[7, 2, 0, 1]"
89.52465548919113,"[9, 2, 1]"
89.52465548919113,"[10, 1]"
89.52465548919113,"[6, 3]"
89.52465548919113,"[6, 4]"
89.52465548919113,"[7, 2]"
89.52465548919113,"[11, 1]"
89.52465548919113,"[5, 2, 1]"
89.52465548919113,"[8, 2]"
89.52465548919113,[10]
89.52465548919113,"[5, 1, 1]"
89.52465548919113,"[5, 1, 0, 1]"
89.52465548919113,"[8, 3, 1]"
89.52465548919113,"[9, 6]"
89.52465548919113,[5]
89.52465548919113,"[7, 1, 1]"
89.52465548919113,"[6, 1]"
89.52465548919113,[5]
89.52465548919113,[13]
89.52465548919113,"[10, 1]"
89.52465548919113,"[7, 3, 1]"
89.52465548919113,"[11, 1]"
89.52465548919113,"[8, 0, 0, 1]"
89.52465548919113,"[11, 1]"
89.52465548919113,"[9, 1]"
89.52465548919113,"[5, 1]"
89.52465548919113,"[9, 1]"
89.52465548919113,"[8, 2]"
89.52465548919113,"[4, 2]"
89.52465548919113,"[7, 3]"
89.52465548919113,"[5, 4]"
89.52465548919113,"[8, 1, 0, 0, 1]"
89.52465548919113,"[12, 1]"
89.52465548919113,"[5, 1, 1]"
89.52465548919113,"[3, 1]"
89.52465548919113,"[8, 4, 1]"
89.52465548919113,[8]
89.52465548919113,"[6, 3]"
89.52465548919113,"[7, 0, 2]"
89.52465548919113,"[8, 0, 0, 1]"
89.52465548919113,"[8, 3, 1]"
89.52465548919113,"[7, 3]"
89.52465548919113,"[7, 2]"
89.52465548919113,"[7, 0, 1]"
89.52465548919113,"[9, 3]"
89.52465548919113,"[6, 2]"
89.52465548919113,"[8, 1]"
89.52465548919113,"[10, 1]"
89.52465548919113,"[10, 2, 1]"
89.52465548919113,"[9, 2]"
381.6016334624554,"[23, 1, 1]"
381.6016334624554,"[14, 5]"
381.6016334624554,"[18, 4, 2]"
381.6016334624554,"[11, 9, 2]"
381.6016334624554,"[17, 4, 1]"
381.6016334624554,"[22, 4, 1]"
381.6016334624554,"[19, 4, 0, 1]"
381.6016334624554,"[15, 6, 2]"
381.6016334624554,"[25, 2, 1, 0, 1]"
381.6016334624554,"[15, 3]"
381.6016334624554,"[17, 3, 3]"
381.6016334624554,"[17, 6, 2]"
381.6016334624554,"[15, 3, 3]"
381.6016334624554,"[26, 2, 1]"
381.6016334624554,"[23, 4]"
381.6016334624554,"[17, 5, 1, 0, 1]"
381.6016334624554,"[22, 6, 1]"
381.6016334624554,"[21, 1]"
381.6016334624554,"[23, 4, 2]"
381.6016334624554,"[25, 2]"
381.6016334624554,"[12, 11]"
381.6016334624554,"[25, 3, 1]"
381.6016334624554,"[22, 5, 2, 1]"
381.6016334624554,"[22, 3]"
381.6016334624554,"[26, 2, 2]"
381.6016334624554,"[17, 1]"
381.6016334624554,"[23, 2, 3, 1]"
381.6016334624554,"[21, 4, 3, 0, 1]"
381.6016334624554,"[22, 7]"
381.6016334624554,"[15, 4, 1]"
381.6016334624554,"[17, 1, 1]"
381.6016334624554,"[30, 5, 1]"
381.6016334624554,"[16, 4, 1]"
381.6016334624554,"[22, 3, 2]"
381.6016334624554,"[20, 2, 2]"
381.6016334624554,"[18, 8, 2]"
381.6016334624554,"[14, 4, 1]"
381.6016334624554,"[12, 7]"
381.6016334624554,"[17, 4, 3]"
381.6016334624554,"[18, 6, 2, 0, 0, 1]"
381.6016334624554,"[16, 5, 0, 0, 1]"
381.6016334624554,"[12, 9, 1, 1]"
381.6016334624554,"[25, 4, 0, 2]"
381.6016334624554,"[24, 5]"
381.6016334624554,"[23, 7]"
381.6016334624554,"[13, 4, 1]"
381.6016334624554,"[18, 5]"
381.6016334624554,"[25, 5, 3, 1]"
381.6016334624554,"[15, 4, 1]"
381.6016334624554,"[14, 4, 3]"
89.52465548919113,"[7, 2, 1, 1]"
89.52465548919113,"[5, 1]"
89.52465548919113,"[5, 2]"
89.52465548919113,"[5, 3, 1]"
89.52465548919113,"[9, 2, 1]"
89.52465548919113,"[5, 1, 1]"
89.52465548919113,"[6, 1]"
89.52465548919113,"[10, 2]"
89.52465548919113,[6]
89.52465548919113,"[11, 3]"
89.52465548919113,"[10, 3, 0, 1]"
89.52465548919113,"[8, 3]"
89.52465548919113,"[10, 3]"
89.52465548919113,"[6, 2, 0, 0, 0, 0, 1]"
89.52465548919113,"[7, 6]"
89.52465548919113,"[6, 1]"
89.52465548919113,"[12, 2, 1]"
89.52465548919113,[12]
89.52465548919113,"[4, 0, 1]"
89.52465548919113,"[11, 1]"
89.52465548919113,"[5, 3]"
89.52465548919113,[7]
89.52465548919113,"[7, 2]"
89.52465548919113,"[5, 3]"
89.52465548919113,"[9, 4]"
89.52465548919113,"[9, 3]"
89.52465548919113,"[8, 2]"
89.52465548919113,"[6, 3, 1]"
89.52465548919113,"[5, 4]"
89.52465548919113,"[7, 1]"
89.52465548919113,"[7, 0, 0, 1]"
89.52465548919113,[15]
89.52465548919113,"[12, 2]"
89.52465548919113,"[11, 2, 1]"
89.52465548919113,"[8, 2, 0, 1]"
89.52465548919113,"[10, 0, 0, 1]"
89.52465548919113,"[7, 0, 1]"
89.52465548919113,"[7, 2, 0, 1]"
89.52465548919113,"[10, 3, 2]"
89.52465548919113,"[14, 0, 1]"
89.52465548919113,"[3, 5]"
89.52465548919113,"[11, 1]"
89.52465548919113,"[8, 0, 1]"
89.52465548919113,"[10, 0, 1]"
89.52465548919113,"[13, 1]"
89.52465548919113,"[7, 1]"
89.52465548919113,"[14, 1, 1]"
89.52465548919113,"[8, 1]"
89.52465548919113,"[4, 3]"
89.52465548919113,"[7, 1]"
381.6016334624554,"[16, 1]"
381.6016334624554,"[25, 4]"
381.6016334624554,"[17, 7, 1, 1]"
381.6016334624554,"[16, 4]"
381.6016334624554,"[24, 5, 1]"
381.6016334624554,"[12, 4]"
381.6016334624554,"[21, 5, 4, 0, 1]"
381.6016334624554,"[27, 6, 2]"
381.6016334624554,"[22, 5]"
381.6016334624554,"[19, 2, 1]"
381.6016334624554,"[23, 1, 2]"
381.6016334624554,"[16, 4, 1]"
381.6016334624554,"[28, 4]"
381.6016334624554,"[16, 4, 0, 1]"
381.6016334624554,"[21, 4, 0, 0, 1]"
381.6016334624554,"[20, 5, 1, 1]"
381.6016334624554,"[24, 4]"
381.6016334624554,"[20, 9, 1]"
381.6016334624554,"[17, 5, 1]"
381.6016334624554,"[23, 3, 1]"
381.6016334624554,"[23, 4, 0, 0, 1]"
381.6016334624554,"[18, 5]"
381.6016334624554,"[27, 5, 1]"
381.6016334624554,"[21, 5]"
381.6016334624554,"[19, 5, 1]"
381.6016334624554,"[25, 2, 3]"
381.6016334624554,"[25, 2]"
381.6016334624554,"[18, 2]"
381.6016334624554,"[13, 8, 1, 1]"
381.6016334624554,"[24, 4, 2]"
381.6016334624554,"[20, 4, 1]"
381.6016334624554,"[15, 4, 2]"
381.6016334624554,"[21, 3, 2]"
381.6016334624554,"[18, 7, 1, 0, 1, 1]"
381.6016334624554,"[16, 1, 1]"
381.6016334624554,"[25, 3, 1]"
381.6016334624554,"[22, 5, 2]"
381.6016334624554,"[13, 5, 2, 1]"
381.6016334624554,"[25, 1, 1]"
381.6016334624554,"[28, 7, 0, 1]"
381.6016334624554,"[14, 2]"
381.6016334624554,"[24, 7, 1]"
381.6016334624554,"[21, 6, 2, 1]"
381.6016334624554,"[11, 3]"
381.6016334624554,"[18, 2, 2]"
381.6016334624554,"[25, 2, 1, 1]"
381.6016334624554,"[22, 3, 1]"
381.6016334624554,"[17, 5]"
381.6016334624554,"[21, 4, 1]"
381.6016334624554,"[14, 6]"

1698.2399027623073,"[53, 14, 0, 1]"
1698.2399027623073,"[51, 8, 1]"
1698.2399027623073,"[46, 7, 2, 1]"
1698.2399027623073,"[48, 7, 3]"
1698.2399027623073,"[39, 15, 3]"
1698.2399027623073,"[42, 11, 2]"
1698.2399027623073,"[53, 10, 3, 0, 1]"
1698.2399027623073,"[46, 9, 1]"
1698.2399027623073,"[43, 10, 2, 1]"
1698.2399027623073,"[43, 6, 1, 1]"
1698.2399027623073,"[45, 7, 3]"
1698.2399027623073,"[42, 14, 0, 1]"
1698.2399027623073,"[48, 11, 1, 2]"
1698.2399027623073,"[50, 11, 7]"
1698.2399027623073,"[47, 12, 1, 1]"
1698.2399027623073,"[30, 13, 1, 0, 0, 1]"
1698.2399027623073,"[40, 8, 6, 1]"
1698.2399027623073,"[46, 7, 7]"
1698.2399027623073,"[51, 9, 3, 2]"
1698.2399027623073,"[50, 12, 1, 1]"
1698.2399027623073,"[44, 17, 3]"
1698.2399027623073,"[42, 8, 4]"
1698.2399027623073,"[54, 11, 2]"
1698.2399027623073,"[45, 8, 5]"
1698.2399027623073,"[51, 12, 6, 2]"
1698.2399027623073,"[46, 9, 2, 1]"
1698.2399027623073,"[49, 13, 1]"
1698.2399027623073,"[54, 15, 3, 2]"
1698.2399027623073,"[42, 10, 2]"
1698.2399027623073,"[40, 7, 1]"
1698.2399027623073,"[44, 10, 5, 2]"
1698.2399027623073,"[48, 8, 2, 1]"
1698.2399027623073,"[42, 11, 4]"
1698.2399027623073,"[54, 6, 2]"
1698.2399027623073,"[49, 9, 3, 1]"
1698.2399027623073,"[46, 8, 3, 1]"
1698.2399027623073,"[50, 8, 5, 1]"
7296.476088022216,"[99, 20, 6]"
7296.476088022216,"[93, 20, 4]"
7296.476088022216,"[108, 21, 3, 2]"
7296.476088022216,"[100, 24, 5, 5]"
7296.476088022216,"[89, 25, 0, 1, 1]"
7296.476088022216,"[99, 19, 4]"
7296.476088022216,"[84, 28, 5, 1, 1]"
7296.476088022216,"[89, 19, 3, 1]"
7296.476088022216,"[98, 15, 4, 1]"
7296.476088022216,"[99, 25, 5]"
7296.476088022216,"[103, 16, 4]"
7296.476088022216,"[95, 22, 4, 1]"
7296.476088022216,"[93, 24, 4]"
7296.476088022216,"[99, 22, 3]"
7296.476088022216,"[103, 21, 5, 1, 1]"
7296.476088022216,"[106, 27, 6]"
7296.476088022216,"[81, 22, 11, 1]"
7296.476088022216,"[109, 22, 9, 2, 1]"
7296.476088022216,"[90, 29, 5, 1]"
7296.476088022216,"[104, 20, 9, 2, 1]"
7296.476088022216,"[101, 20, 4, 1, 1]"
7296.476088022216,"[84, 19, 8]"
7296.476088022216,"[95, 10, 6, 0, 0, 1]"
7296.476088022216,"[115, 24, 6, 1, 1]"
7296.476088022216,"[85, 32, 3, 0, 1]"
7296.476088022216,"[97, 22, 2, 1]"
7296.476088022216,"[114, 23, 6, 0, 1]"
7296.476088022216,"[109, 25, 4, 1]"
7296.476088022216,"[90, 23, 7, 2]"
7296.476088022216,"[98, 22, 3, 1]"
7296.476088022216,"[96, 19, 6, 1]"
7296.476088022216,"[104, 14, 4, 0, 2]"
7296.476088022216,"[100, 18, 5]"
7296.476088022216,"[110, 24, 4]"
7296.476088022216,"[93, 21, 10, 3]"
7296.476088022216,"[77, 27, 9, 1]"
7296.476088022216,"[99, 16, 3, 3]"
7296.476088022216,"[101, 20, 4]"
7296.476088022216,"[92, 21, 7, 1]"
7296.476088022216,"[103, 21, 2]"
7296.476088022216,"[107, 13, 3, 0, 1, 1]"
7296.476088022216,"[102, 18, 5, 2]"
7296.476088022216,"[110, 23, 4]"
7296.476088022216,"[103, 23, 9, 0, 1]"
7296.476088022216,"[91, 32, 6]"
7296.476088022216,"[87, 26, 8]"
7296.476088022216,"[104, 17, 4, 3]"
7296.476088022216,"[115, 24, 4]"
7296.476088022216,"[99, 19, 6, 1]"
7296.476088022216,"[95, 13, 7]"
7296.476088022216,"[107, 23, 4]"
7296.476088022216,"[103, 19, 3, 1]"
7296.476088022216,"[99, 23, 5, 3, 0, 1]"
7296.476088022216,"[109, 14, 3, 1, 1]"
20417.044851270108,"[176, 45, 5, 1, 0, 1]"
20417.044851270108,"[171, 29, 9, 4]"
20417.044851270108,"[185, 30, 9, 2, 1]"
20417.044851270108,"[164, 40, 5, 1, 2]"
20417.044851270108,"[173, 41, 11, 1]"
20417.044851270108,"[179, 34, 12]"
20417.044851270108,"[173, 28, 5, 1]"
20417.044851270108,"[165, 43, 7, 1]"
20417.044851270108,"[182, 35, 12, 1]"
20417.044851270108,"[169, 43, 4, 3]"
20417.044851270108,"[185, 39, 10, 2]"
20417.044851270108,"[152, 35, 11, 1, 1]"
20417.044851270108,"[163, 38, 5, 1]"
20417.044851270108,"[168, 39, 10, 4]"
20417.044851270108,"[168, 45, 7, 0, 1]"
20417.044851270108,"[164, 40, 9, 2]"
20417.044851270108,"[174, 34, 6, 1, 1, 0, 1]"
20417.044851270108,"[170, 40, 10, 1, 1]"
20417.044851270108,"[194, 33, 6, 2, 1]"
20417.044851270108,"[172, 40, 11, 2]"
20417.044851270108,"[163, 33, 6, 1]"
20417.044851270108,"[158, 38, 13, 3]"
20417.044851270108,"[165, 45, 12, 1]"
20417.044851270108,"[187, 40, 15]"
20417.044851270108,"[200, 29, 6, 2]"
20417.044851270108,"[176, 34, 9, 5, 0, 1]"
20417.044851270108,"[166, 35, 10, 3]"
20417.044851270108,"[181, 31, 8]"
20417.044851270108,"[179, 35, 7, 4, 1]"
20417.044851270108,"[171, 37, 4, 2]"
20417.044851270108,"[173, 42, 11, 1, 1]"
20417.044851270108,"[181, 40, 8, 4, 0, 1]"
20417.044851270108,"[170, 35, 11, 3]"
20417.044851270108,"[169, 37, 8, 2]"
20417.044851270108,"[158, 41, 9, 1, 1]"
20417.044851270108,"[175, 43, 14]"
20417.044851270108,"[161, 42, 5, 2]"
20417.044851270108,"[162, 33, 12, 6]"
20417.044851270108,"[171, 31, 10, 4]"
20417.044851270108,"[172, 28, 11, 2, 0, 0, 1]"
20417.044851270108,"[176, 40, 7, 5]"
20417.044851270108,"[157, 34, 8, 2]"
20417.044851270108,"[184, 31, 8, 2]"
20417.044851270108,"[149, 33, 12, 2, 1]"
20417.044851270108,"[203, 41, 8, 2, 1]"
20417.044851270108,"[165, 30, 8, 2, 2]"
20417.044851270108,"[179, 39, 11, 2]"
20417.044851270108,"[170, 34, 8, 1, 1]"
20417.044851270108,"[171, 41, 6, 1, 1]"
20417.044851270108,"[161, 39, 7, 1, 0, 1]"
43351.8477848989,"[265, 52, 11, 4, 1]"
43351.8477848989,"[230, 50, 10, 5, 2]"
43351.8477848989,"[257, 67, 13, 3, 1]"
43351.8477848989,"[246, 62, 13, 2]"
43351.8477848989,"[257, 64, 13, 2, 1]"
43351.8477848989,"[279, 65, 14, 2]"
43351.8477848989,"[252, 63, 13, 3, 0, 1]"
43351.8477848989,"[264, 53, 19, 3, 2]"
43351.8477848989,"[255, 46, 10, 3]"
43351.8477848989,"[247, 60, 10, 2, 1]"
43351.8477848989,"[267, 62, 15, 3, 2, 1]"
43351.8477848989,"[249, 62, 13, 1, 1]"
43351.8477848989,"[273, 60, 12, 2, 1]"
43351.8477848989,"[249, 54, 15, 4]"
43351.8477848989,"[270, 56, 15, 3]"
43351.8477848989,"[254, 47, 11, 2]"
43351.8477848989,"[271, 52, 15, 0, 1]"
43351.8477848989,"[279, 59, 10, 1, 1]"
43351.8477848989,"[253, 58, 16, 5, 2]"
43351.8477848989,"[241, 53, 14, 4]"
43351.8477848989,"[265, 56, 11, 1, 3]"
43351.8477848989,"[235, 63, 10, 2, 3, 1]"
43351.8477848989,"[254, 62, 12, 2, 2]"
43351.8477848989,"[261, 59, 14, 3]"
43351.8477848989,"[247, 65, 9, 1, 2]"
43351.8477848989,"[266, 45, 13]"
43351.8477848989,"[244, 57, 8, 2, 1]"
43351.8477848989,"[260, 50, 11, 3]"
43351.8477848989,"[254, 58, 10, 7, 1]"
43351.8477848989,"[267, 51, 16, 3]"
43351.8477848989,"[260, 48, 19, 3]"
43351.8477848989,"[272, 53, 20, 3, 1]"
43351.8477848989,"[279, 59, 11, 3, 0, 0, 0, 1]"
43351.8477848989,"[233, 61, 19, 4]"
43351.8477848989,"[242, 62, 16, 4, 1]"
43351.8477848989,"[241, 73, 19, 2]"
43351.8477848989,"[264, 63, 15, 4, 2]"
43351.8477848989,"[242, 62, 11, 2, 1]"
43351.8477848989,"[236, 57, 9]"
43351.8477848989,"[284, 46, 12]"
43351.8477848989,"[258, 60, 7, 2]"
43351.8477848989,"[261, 52, 12, 3, 0, 1]"
43351.8477848989,"[267, 56, 13, 2]"
43351.8477848989,"[235, 55, 5, 3]"
43351.8477848989,"[257, 56, 8, 4, 1]"
43351.8477848989,"[258, 55, 17, 2, 1]"
43351.8477848989,"[248, 46, 12, 3]"
43351.8477848989,"[247, 51, 9, 6, 0, 1]"
99662.97023717086,"[425, 110, 20, 3]",1.6995994051312469
99662.97023717086,"[396, 96, 22, 2]",1.681553647665245
99662.97023717086,"[407, 80, 19, 4, 1]",1.6918586677645842
99662.97023717086,"[392, 93, 20, 1]",1.682126313955171
99662.97023717086,"[418, 79, 15, 6, 3]",1.654666929226285
99662.97023717086,"[407, 91, 19, 5]",1.6694513407681588
99662.97023717086,"[386, 100, 27, 6, 1]",1.6938475249827554
99662.97023717086,"[403, 94, 20, 3, 1, 1]",1.6904382646102452
99662.97023717086,"[418, 86, 15, 7, 3]",1.6786519904660726
99662.97023717086,"[393, 93, 23, 3, 1, 1]",1.6883768399430155
99662.97023717086,"[413, 95, 22, 2, 1]",1.6917138300237122
99662.97023717086,"[395, 75, 28, 1]",1.6992545447585798
99662.97023717086,"[441, 83, 18, 4, 0, 0, 1]",1.676380059041293
99662.97023717086,"[410, 84, 24, 4, 1]",1.6514086929470129
99662.97023717086,"[393, 105, 14, 4, 1]",1.698103733062559
99662.97023717086,"[404, 83, 21, 5]",1.6725279960297144
99662.97023717086,"[410, 88, 26, 6, 1, 1]",1.6829340543007136
99662.97023717086,"[405, 84, 20, 6, 2]",1.6652416463021067
99662.97023717086,"[404, 105, 19, 6, 0, 2]",1.661661944861872
99662.97023717086,"[412, 79, 30, 7, 2]",1.696475202351559
99662.97023717086,"[406, 72, 25, 3, 0, 1]",1.6816687863996944
99662.97023717086,"[425, 91, 22, 3, 1]",1.683503045755748
99662.97023717086,"[385, 94, 23, 6]",1.695856724932437
99662.97023717086,"[392, 100, 22, 2, 1]",1.6809259464790112
99662.97023717086,"[422, 82, 22, 5, 2]",1.6940318987290115
99662.97023717086,"[447, 79, 27, 4, 1]",1.6752050661979334
99662.97023717086,"[404, 93, 17, 1, 2, 1]",1.664159922366594
99662.97023717086,"[442, 90, 23, 7]",1.690088785719807
99662.97023717086,"[422, 83, 16, 7, 1]",1.642656641583386
99662.97023717086,"[444, 91, 15, 5, 1]",1.6863817864380006
99662.97023717086,"[390, 93, 22, 6, 2]",1.690689855476369
99662.97023717086,"[417, 81, 21, 4, 1]",1.6952412731625792
99662.97023717086,"[401, 82, 21, 5]",1.6973521766413733
99662.97023717086,"[428, 89, 22, 6, 0, 1]",1.6911920744545526
99662.97023717086,"[396, 81, 20, 3]",1.6958515680447561
99662.97023717086,"[378, 85, 23, 3, 2]",1.6688915815305159
99662.97023717086,"[401, 81, 24, 2, 1]",1.637109985566372
99662.97023717086,"[448, 102, 18, 2]",1.6483855141667854
99662.97023717086,"[435, 79, 21, 3, 1]",1.687942413899315
99662.97023717086,"[407, 94, 27, 6, 1]",1.697612739110208
99662.97023717086,"[377, 90, 33, 5]",1.6610197305833567
99662.97023717086,"[407, 87, 18, 6]",1.660207453854784
99662.97023717086,"[404, 89, 18, 4]",1.6980314226210758
99662.97023717086,"[407, 92, 17, 4, 0, 1]",1.688906364512364
99662.97023717086,"[416, 81, 20, 9]",1.661887754997174
99662.97023717086,"[409, 81, 22, 5, 0, 1]",1.6952505806122853
99662.97023717086,"[413, 76, 15, 9]",1.6947513333067146
99662.97023717086,"[398, 97, 16, 4, 1]",1.6984515313855821
99662.97023717086,"[414, 71, 17, 8]",1.6923954370216403
99662.97023717086,"[408, 68, 20, 7, 2, 1]",1.6945829465474467
164819.19122677945,"[498, 123, 14, 7, 1, 0, 1]",1.4994570922430224
164819.19122677945,"[543, 117, 23, 5, 1]",1.4981140363995036
164819.19122677945,"[520, 111, 26, 6, 1]",1.4988512501348752
164819.19122677945,"[536, 114, 32, 7, 1]",1.4962154109925403
164819.19122677945,"[537, 117, 33, 4, 1]",1.4949279089455876
164819.19122677945,"[518, 108, 30, 6, 1, 1]",1.497410226157744
164819.19122677945,"[508, 133, 20, 7, 2]",1.4983362980011539
164819.19122677945,"[536, 107, 29, 4]",1.4988180733015817
164819.19122677945,"[523, 104, 23, 13, 2, 1]",1.4967380347952433
164819.19122677945,"[502, 114, 29, 7, 2, 0, 1]",1.4997455674527238
164819.19122677945,"[502, 125, 20, 8, 1]",1.4997717414649565
164819.19122677945,"[517, 118, 31, 5]",1.499159821422549
164819.19122677945,"[500, 111, 31, 7, 3, 1]",1.495854689940368
164819.19122677945,"[509, 131, 28, 6, 1]",1.4975814053882137
164819.19122677945,"[491, 123, 40, 3, 2, 2]",1.4961857286441664
164819.19122677945,"[542, 128, 28, 9]",1.494773099051652
164819.19122677945,"[540, 127, 34, 4, 1, 1]",1.4984184600187136
164819.19122677945,"[509, 117, 34, 5, 1]",1.497856625009979
164819.19122677945,"[521, 115, 27, 7]",1.4966444723396934
164819.19122677945,"[549, 117, 23, 6, 2]",1.4987515694960258
164819.19122677945,"[499, 103, 28, 8, 5, 2]",1.4965022439323075
164819.19122677945,"[537, 115, 33, 6, 1]",1.494616129970772
164819.19122677945,"[542, 124, 30, 7, 1]",1.4889406048400882
164819.19122677945,"[560, 123, 27, 2, 1]",1.4982588685944778
164819.19122677945,"[515, 114, 30, 9, 2]",1.4974543731318282
164819.19122677945,"[519, 120, 33, 3, 1]",1.495394572529763
164819.19122677945,"[522, 147, 31, 3]",1.4963935212415396
164819.19122677945,"[525, 106, 29, 6, 2, 0, 1]",1.4969438503813701
164819.19122677945,"[512, 127, 26, 5, 1]",1.496393925437891
164819.19122677945,"[501, 131, 36, 8, 3]",1.4971360299326124
164819.19122677945,"[510, 120, 30, 5, 1]",1.4977301166089536
164819.19122677945,"[490, 130, 27, 9, 2]",1.4915047571684195
164819.19122677945,"[527, 120, 27, 5, 0, 1]",1.4973639996584367
164819.19122677945,"[519, 123, 17, 8, 1, 1]",1.499882402080678
164819.19122677945,"[533, 143, 29, 8, 1]",1.4996254848480286
164819.19122677945,"[531, 96, 29, 7, 1]",1.4975789893222764
164819.19122677945,"[540, 120, 36, 5, 2]",1.4987779713188751
164819.19122677945,"[522, 139, 37, 4, 2]",1.4947837435779348
164819.19122677945,"[510, 126, 26, 11, 3]",1.4962240967455795
164819.19122677945,"[535, 116, 38, 8, 1, 1]",1.4995247252880013
164819.19122677945,"[519, 142, 29, 3, 2, 1]",1.4998238854469481
164819.19122677945,"[560, 119, 26, 4, 3, 1]",1.4976277422356936
164819.19122677945,"[509, 125, 29, 4, 2]",1.4879447784607893
164819.19122677945,"[526, 121, 26, 7, 0, 1]",1.4994071689493729
164819.19122677945,"[516, 138, 23, 7, 1, 1]",1.498251240762603
164819.19122677945,"[535, 96, 26, 5, 1]",1.499820278407202
164819.19122677945,"[559, 126, 28, 10]",1.494936594413009
164819.19122677945,"[552, 115, 22, 9, 2, 0, 1]",1.4959543266326194
164819.19122677945,"[511, 139, 24, 8, 1]",1.49843177477198
164819.19122677945,"[523, 121, 27, 5, 0, 0, 1]",1.4978041863233718
217394.00546560952,"[571, 121, 20, 7, 1]",1.3997324037858156
217394.00546560952,"[608, 123, 26, 7, 1]",1.3970119553491354
217394.00546560952,"[609, 128, 35, 8, 1]",1.3979884749423654
217394.00546560952,"[595, 145, 28, 10, 1, 1]",1.3998281126677543
217394.00546560952,"[584, 122, 27, 4]",1.3988004134561463
217394.00546560952,"[565, 151, 27, 6, 1]",1.3985935293792173
217394.00546560952,"[577, 129, 36, 6]",1.398666163209667
217394.00546560952,"[589, 128, 25, 4, 1]",1.3993615369010257
217394.00546560952,"[575, 118, 38, 6]",1.39984420883155
217394.00546560952,"[618, 133, 26, 9]",1.3972059148119171
217394.00546560952,"[534, 136, 29, 8, 0, 1, 1]",1.3950264294805035
217394.00546560952,"[593, 131, 22, 5, 2]",1.3964928128413985
217394.00546560952,"[571, 130, 27, 4, 1, 2]",1.3995178486415263
217394.00546560952,"[593, 135, 28, 5, 3]",1.398721198788327
217394.00546560952,"[565, 148, 23, 11, 1]",1.3975739081162173
217394.00546560952,"[543, 140, 31, 11, 4]",1.3967730922342922
217394.00546560952,"[566, 148, 36, 8, 2]",1.3996352013164322
217394.00546560952,"[622, 134, 31, 4, 1]",1.3980981317954158
217394.00546560952,"[593, 127, 44, 7, 4, 2]",1.3997075717773775
217394.00546560952,"[596, 137, 30, 5, 1]",1.3999419637819592
217394.00546560952,"[578, 135, 30, 2, 1]",1.3936339206550432
217394.00546560952,"[564, 153, 28, 4]",1.3994976653725224
217394.00546560952,"[598, 138, 28, 4]",1.3992120507616652
217394.00546560952,"[593, 129, 35, 6, 1]",1.399360050964051
217394.00546560952,"[634, 129, 21, 2, 2]",1.3961891773397006
217394.00546560952,"[622, 139, 30, 8, 2]",1.3975668872492302
217394.00546560952,"[564, 162, 31, 10, 1]",1.3999661958189187
217394.00546560952,"[598, 144, 30, 7, 1]",1.3997007039434193
217394.00546560952,"[620, 126, 35, 5, 3, 1]",1.3987667446828786
217394.00546560952,"[589, 155, 32, 5, 1, 2]",1.3989551116297851
217394.00546560952,"[583, 133, 33, 13]",1.3977073947083167
217394.00546560952,"[609, 129, 34, 2, 3]",1.397429287469983
217394.00546560952,"[571, 124, 35, 8, 3, 1]",1.397320822964201
217394.00546560952,"[565, 123, 28, 10, 1]",1.3987990752515937
217394.00546560952,"[567, 137, 26, 6, 1]",1.397679649967325
217394.00546560952,"[569, 135, 33, 7, 1]",1.3978371358308186
217394.00546560952,"[595, 140, 37, 6, 1]",1.3952978907935418
217394.00546560952,"[588, 127, 25, 5, 0, 0, 1]",1.398079758589443
217394.00546560952,"[595, 123, 25, 6]",1.3988519973095621
217394.00546560952,"[601, 122, 29, 8, 2]",1.3989212954842822
217394.00546560952,"[594, 132, 26, 3, 1, 2]",1.3958772644876905
217394.00546560952,"[597, 132, 33, 8]",1.3928354801702578
217394.00546560952,"[562, 126, 30, 6]",1.3992335303116268
217394.00546560952,"[560, 114, 39, 3, 2, 1]",1.3992617352504717
217394.00546560952,"[605, 145, 32, 4, 3]",1.3996665912471127
217394.00546560952,"[586, 136, 40, 4, 3, 1]",1.3993816759739466
217394.00546560952,"[590, 146, 33, 6]",1.3984837128385559
217394.00546560952,"[575, 117, 21, 4, 1]",1.3991252345145526
217394.00546560952,"[590, 117, 44, 13, 1]",1.3996985475474268
217394.00546560952,"[608, 132, 33, 7, 1, 1, 1]",1.397952571357777
51734.36561323997,"[301, 65, 9, 3]",1.823698426566152
51734.36561323997,"[269, 57, 13, 3, 1]",1.8384541916525925
51734.36561323997,"[304, 62, 18, 0, 1]",1.6511895270635828
51734.36561323997,"[276, 63, 10, 4, 2]",1.7837918336842866
51734.36561323997,"[279, 54, 18, 2]",1.7242641358671493
51734.36561323997,"[283, 58, 11, 4]",1.7428044547939765
51734.36561323997,"[288, 64, 20, 5, 1]",1.6291704933148745
51734.36561323997,"[282, 68, 19, 6]",1.7488543360042146
51734.36561323997,"[279, 71, 13, 2, 1]",1.8313125690895993
51734.36561323997,"[282, 61, 14, 1]",1.823958340597733
51734.36561323997,"[303, 55, 13, 4, 2]",1.835426621611824
51734.36561323997,"[274, 66, 18, 6]",1.6432116987017393
51734.36561323997,"[300, 69, 23, 3]",1.6530918363357234
51734.36561323997,"[287, 66, 19, 4]",1.688551272707704
51734.36561323997,"[272, 63, 12, 3]",1.784593797781027
51734.36561323997,"[271, 63, 10, 4, 2, 2]",1.9724730751073254
51734.36561323997,"[281, 63, 24, 4, 1]",1.8062391688778188
51734.36561323997,"[289, 55, 11, 5, 1]",1.6650118368536957
51734.36561323997,"[282, 63, 17, 1, 2]",1.7617306087792783
51734.36561323997,"[287, 51, 15, 4, 1]",1.6635220154975279
51734.36561323997,"[274, 57, 18, 3, 0, 1]",1.7381679851813285
51734.36561323997,"[269, 82, 12, 4]",1.704662093199436
51734.36561323997,"[284, 50, 9, 3]",1.688157690031005
51734.36561323997,"[302, 53, 17, 1, 1]",1.8633777083799195
51734.36561323997,"[269, 62, 5, 5]",1.703125854035988
51734.36561323997,"[277, 65, 17, 1]",1.6164466312631873
51734.36561323997,"[269, 60, 14, 2]",1.7797647892964403
51734.36561323997,"[269, 61, 10, 7]",1.627118189258336
51734.36561323997,"[320, 58, 10, 1, 0, 1]",1.970381744105712
51734.36561323997,"[264, 66, 14, 3, 0, 1]",1.6533461458923657
51734.36561323997,"[289, 61, 19, 3, 2]",1.8360231816961747
51734.36561323997,"[293, 68, 7, 2]",1.7291504591280051
51734.36561323997,"[306, 51, 20, 3, 1]",1.8736827301800119
51734.36561323997,"[298, 67, 11, 7, 1]",1.8155825629798696
51734.36561323997,"[245, 69, 16, 5, 1]",1.5923392566531347
51734.36561323997,"[286, 58, 11, 8]",1.7249318589076572
51734.36561323997,"[295, 51, 15, 4]",1.9366645428474059
51734.36561323997,"[284, 58, 11, 1, 2, 1]",1.8438226695414086
51734.36561323997,"[296, 68, 9, 3, 1]",1.6133122202140149
51734.36561323997,"[280, 59, 14, 4]",1.7190632453100287
51734.36561323997,"[273, 61, 16, 4, 1]",1.7945129011628063
51734.36561323997,"[290, 59, 19, 4, 0, 2]",1.6700539104874808
51734.36561323997,"[286, 63, 8, 3, 1]",1.784539092600434
51734.36561323997,"[263, 70, 15, 3, 1, 1]",1.7197283390281224
51734.36561323997,"[283, 63, 14, 3]",1.8011723293115014
51734.36561323997,"[299, 69, 13, 2, 0, 1]",1.7042265335472793
51734.36561323997,"[285, 71, 7, 2, 1]",1.668946617440634
51734.36561323997,"[268, 64, 15, 3, 1, 1]",1.5887901401451994
51734.36561323997,"[290, 70, 14, 4, 1]",1.7808932642844846
51734.36561323997,"[301, 50, 11, 2, 1]",1.7456485648007063
