91375.55431915203,1,1,True
91375.55431915203,4,3,False
91375.55431915203,3,3,False
91375.55431915203,10,9,False
91375.55431915203,8,6,False
91375.55431915203,8,7,False
91375.55431915203,7,5,False
91375.55431915203,7,6,False
91375.55431915203,7,6,False
91375.55431915203,5,3,False
91375.55431915203,3,3,False
91375.55431915203,5,3,False
91375.55431915203,4,3,False
91375.55431915203,5,5,False
91375.55431915203,3,3,False
91375.55431915203,4,3,False
91375.55431915203,4,4,False
91375.55431915203,3,3,False
91375.55431915203,2,2,False
91375.55431915203,10,6,False
91375.55431915203,9,5,False
91375.55431915203,5,4,False
91375.55431915203,7,5,False
91375.55431915203,6,6,False
91375.55431915203,5,4,False
91375.55431915203,5,5,False
91375.55431915203,7,4,False
91375.55431915203,5,3,False
91375.55431915203,2,2,False
91375.55431915203,4,4,False
91375.55431915203,9,7,False
91375.55431915203,7,6,False
91375.55431915203,6,6,False
91375.55431915203,9,8,False
91375.55431915203,2,2,False
91375.55431915203,3,3,False
91375.55431915203,4,4,False
91375.55431915203,4,4,False
91375.55431915203,7,6,False
91375.55431915203,6,4,False
91375.55431915203,5,5,False
91375.55431915203,6,4,False
91375.55431915203,5,4,False
91375.55431915203,5,4,False
91375.55431915203,9,6,False
91375.55431915203,6,4,False
91375.55431915203,3,3,False
91375.55431915203,1,1,True
91375.55431915203,8,7,False
91375.55431915203,5,5,False
91375.55431915203,10,7,False
91375.55431915203,6,6,False
91375.55431915203,6,5,False
91375.55431915203,10,6,False
91375.55431915203,5,5,False
91375.55431915203,4,4,False
91375.55431915203,2,2,False
91375.55431915203,2,2,False
91375.55431915203,9,7,False
91375.55431915203,11,7,False
91375.55431915203,5,5,False
91375.55431915203,3,3,False
91375.55431915203,7,6,False
91375.55431915203,8,8,False
91375.55431915203,7,5,False
91375.55431915203,3,3,False
91375.55431915203,5,5,False
91375.55431915203,5,5,False
91375.55431915203,4,3,False
91375.55431915203,10,9,False
91375.55431915203,7,4,False
91375.55431915203,3,3,False
91375.55431915203,4,4,False
91375.55431915203,12,8,False
91375.55431915203,1,1,True
91375.55431915203,6,6,False
91375.55431915203,4,4,False
91375.55431915203,12,8,False
91375.55431915203,8,6,False
91375.55431915203,4,4,False
91375.55431915203,2,2,False
91375.55431915203,2,2,False
91375.55431915203,2,2,False
91375.55431915203,7,6,False
91375.55431915203,2,2,False
91375.55431915203,7,4,False
91375.55431915203,2,2,False
91375.55431915203,3,3,False
91375.55431915203,11,9,False
91375.55431915203,6,4,False
91375.55431915203,1,1,True
91375.55431915203,7,4,False
91375.55431915203,4,4,False
91375.55431915203,7,5,False
91375.55431915203,5,3,False
91375.55431915203,4,4,False
91375.55431915203,6,6,False
91375.55431915203,5,4,False
91375.55431915203,8,8,False
91375.55431915203,8,7,False
6605.274869829262,4,2,False,1.3707338233988824
6605.274869829262,1,1,True,1.266810495533061
6605.274869829262,0,0,False,0
6605.274869829262,2,2,False,1.3414128244180374
6605.274869829262,1,1,True,1.978774778296945
6605.274869829262,2,1,True,1.5091574971026223
6605.274869829262,0,0,False,0
6605.274869829262,4,3,False,1.7159796881413154
6605.274869829262,0,0,False,0
6605.274869829262,1,1,True,1.4859216193524705
6605.274869829262,1,1,True,1.4116362892680796
6605.274869829262,0,0,False,0
6605.274869829262,1,1,True,1.2168726929293876
6605.274869829262,3,3,False,1.6215370879307713
6605.274869829262,2,2,False,1.6985758625233478
6605.274869829262,0,0,False,0
6605.274869829262,1,1,True,1.5065532020772192
6605.274869829262,2,2,False,1.2047021899395152
6605.274869829262,0,0,False,0
6605.274869829262,2,2,False,1.8041856966451912
6605.274869829262,1,1,True,1.4664173474443378
6605.274869829262,1,1,True,1.1701449338893606
6605.274869829262,1,1,True,1.404952570849375
6605.274869829262,1,1,True,1.480788155528319
6605.274869829262,2,2,False,1.3293471566367203
6605.274869829262,3,3,False,1.5580095266775316
6605.274869829262,1,1,True,1.2483237126801097
6605.274869829262,2,2,False,1.5517799541292636
6605.274869829262,4,2,False,1.1846688684015139
6605.274869829262,0,0,False,0
6605.274869829262,2,1,True,1.6062433443563555
6605.274869829262,2,2,False,1.1458317715589075
6605.274869829262,1,1,True,1.2341079439944111
6605.274869829262,2,2,False,1.4081300639658947
6605.274869829262,3,2,False,1.8090532921923335
6605.274869829262,2,2,False,1.3861294429577196
6605.274869829262,2,1,True,1.6154747708648534
6605.274869829262,0,0,False,0
6605.274869829262,2,2,False,1.886446715753474
6605.274869829262,6,2,False,1.6851351809457418
6605.274869829262,3,3,False,1.4013720426419962
6605.274869829262,0,0,False,0
6605.274869829262,5,3,False,1.8969165095504197
6605.274869829262,2,2,False,1.67296396365755
6605.274869829262,1,1,True,1.2689128868799096
6605.274869829262,0,0,False,0
6605.274869829262,5,5,False,1.6130152137010159
6605.274869829262,1,1,True,1.6304127965180875
6605.274869829262,2,1,True,1.3167712270589056
6605.274869829262,2,2,False,1.1599372757517232
6605.274869829262,2,2,False,1.6406458994423876
6605.274869829262,0,0,False,0
6605.274869829262,3,3,False,1.756019204502009
6605.274869829262,7,3,False,1.9237202959031119
6605.274869829262,4,2,False,1.5344489550081932
6605.274869829262,4,1,True,1.593993952861098
6605.274869829262,2,1,True,1.6637580122900668
6605.274869829262,2,2,False,1.6353904712638092
6605.274869829262,3,2,False,1.795636287286858
6605.274869829262,5,4,False,1.4879816178256928
6605.274869829262,1,1,True,0.9912093144986623
6605.274869829262,3,2,False,1.4952582570789885
6605.274869829262,2,1,True,1.31155566173819
6605.274869829262,1,1,True,1.4222692638212846
6605.274869829262,1,1,True,1.0652889976479956
6605.274869829262,0,0,False,0
6605.274869829262,1,1,True,1.78489674546764
6605.274869829262,3,3,False,1.9585217945773252
6605.274869829262,0,0,False,0
6605.274869829262,2,1,True,1.5703787231852675
6605.274869829262,3,3,False,1.8606283783855662
6605.274869829262,2,1,True,1.1822627305282867
6605.274869829262,1,1,True,0.8261467013495629
6605.274869829262,2,2,False,1.4672010301808076
6605.274869829262,3,3,False,1.423787721663127
6605.274869829262,3,3,False,1.515908277607977
6605.274869829262,6,4,False,1.4243556734486318
6605.274869829262,0,0,False,0
6605.274869829262,4,2,False,1.3510066168810724
6605.274869829262,3,3,False,1.354662918388566
6605.274869829262,1,1,True,0.9796692814408547
6605.274869829262,0,0,False,0
6605.274869829262,0,0,False,0
6605.274869829262,2,2,False,1.2883942685674923
6605.274869829262,2,2,False,1.4418289959623625
6605.274869829262,0,0,False,0
6605.274869829262,2,2,False,1.3265023826613984
6605.274869829262,3,2,False,1.5471034469283442
6605.274869829262,4,3,False,1.7884259430220903
6605.274869829262,3,3,False,2.017092344166125
6605.274869829262,3,2,False,1.658264225325464
6605.274869829262,3,3,False,1.6600730463915914
6605.274869829262,2,2,False,1.3097229385447353
6605.274869829262,4,2,False,1.6350529730395231
6605.274869829262,2,2,False,1.3194017468976815
6605.274869829262,2,2,False,1.3327573372053356
6605.274869829262,0,0,False,0
6605.274869829262,0,0,False,0
6605.274869829262,1,1,True,1.2358642832466167
6605.274869829262,3,2,False,1.7754629050884199
17427.685125500084,4,4,False,1.5290790204602482
17427.685125500084,2,2,False,1.6424750475788252
17427.685125500084,1,1,True,1.68925861313945
17427.685125500084,3,3,False,1.545518124153965
17427.685125500084,1,1,True,1.8639459886688856
17427.685125500084,2,2,False,1.38922389865822
17427.685125500084,5,5,False,1.4449367346955648
17427.685125500084,4,3,False,1.5362672850884254
17427.685125500084,3,2,False,1.4759054054321323
17427.685125500084,1,1,True,1.123601930664218
17427.685125500084,7,4,False,1.7002886647390367
17427.685125500084,2,2,False,1.4456775696132282
17427.685125500084,1,1,True,1.0294098824382822
17427.685125500084,2,2,False,1.2237292717659105
17427.685125500084,1,1,True,1.1011973520467733
17427.685125500084,9,6,False,1.9895172013040463
17427.685125500084,2,2,False,1.5183190367370523
17427.685125500084,2,2,False,1.6010524492228222
17427.685125500084,4,2,False,1.461995624988941
17427.685125500084,0,0,False,0
17427.685125500084,1,1,True,1.732438531947015
17427.685125500084,7,4,False,2.1421485374921923
17427.685125500084,3,3,False,2.0124363971560766
17427.685125500084,5,4,False,1.5861290099821832
17427.685125500084,1,1,True,1.441755135294734
17427.685125500084,5,5,False,1.8429077705457482
17427.685125500084,3,3,False,1.6283591125532297
17427.685125500084,1,1,True,1.2399661365063859
17427.685125500084,2,2,False,1.224735480815285
17427.685125500084,0,0,False,0
17427.685125500084,2,2,False,1.4610020419616048
17427.685125500084,2,2,False,1.377301847454287
17427.685125500084,6,5,False,1.7511907685094712
17427.685125500084,2,2,False,1.4453448491797405
17427.685125500084,1,1,True,1.9901872054644905
17427.685125500084,4,4,False,1.9327043280251028
17427.685125500084,4,4,False,1.8299711945118275
17427.685125500084,4,4,False,1.658111238381757
17427.685125500084,4,2,False,1.1478131317659097
17427.685125500084,2,2,False,1.6643495046299732
17427.685125500084,2,2,False,1.978258812010698
17427.685125500084,1,1,True,0.9947035378522042
17427.685125500084,1,1,True,1.5074196249380012
17427.685125500084,4,3,False,1.7815801740695034
17427.685125500084,6,4,False,1.7009659620383117
17427.685125500084,5,5,False,1.3999258879626493
17427.685125500084,4,3,False,1.335198863892014
17427.685125500084,3,3,False,1.5035285510381688
17427.685125500084,4,4,False,1.2832768535263015
17427.685125500084,7,5,False,1.611613373372027
17427.685125500084,3,3,False,1.4635999703466491
17427.685125500084,2,1,True,1.4057733361988465
17427.685125500084,4,2,False,1.629461476007725
17427.685125500084,3,2,False,1.610850616961421
17427.685125500084,0,0,False,0
17427.685125500084,3,3,False,1.6774217549916188
17427.685125500084,3,3,False,1.8685041813558203
17427.685125500084,2,2,False,2.033188185824554
17427.685125500084,7,5,False,1.5788875759020837
17427.685125500084,3,2,False,1.7623242647796753
17427.685125500084,2,2,False,1.2458553108424624
17427.685125500084,3,2,False,1.5419224464113819
17427.685125500084,6,4,False,1.557315527467436
17427.685125500084,2,2,False,1.4969339620163569
17427.685125500084,6,3,False,1.5838182101064004
17427.685125500084,3,3,False,1.1707221283333393
17427.685125500084,6,5,False,1.5665307455120374
17427.685125500084,1,1,True,1.4927181398798532
17427.685125500084,3,1,True,1.4546073043039365
17427.685125500084,4,4,False,1.824950845783574
17427.685125500084,4,3,False,1.916133942091546
17427.685125500084,5,3,False,1.7229775851530411
17427.685125500084,2,2,False,1.1397104615785203
17427.685125500084,1,1,True,0.6194280457598373
17427.685125500084,6,4,False,1.3955223429371302
17427.685125500084,0,0,False,0
17427.685125500084,2,2,False,1.785504595207632
17427.685125500084,3,1,True,1.3838729388928726
17427.685125500084,0,0,False,0
17427.685125500084,1,1,True,1.4934929978305342
17427.685125500084,3,3,False,1.2393218141229252
17427.685125500084,1,1,True,1.5329508728312764
17427.685125500084,1,1,True,1.6046931773015285
17427.685125500084,2,2,False,1.5067237766637829
17427.685125500084,3,2,False,1.5624359910291319
17427.685125500084,5,4,False,1.6765273806735854
17427.685125500084,2,2,False,1.7052809493191659
17427.685125500084,5,3,False,1.811869689169899
17427.685125500084,0,0,False,0
17427.685125500084,6,5,False,1.6892039129601302
17427.685125500084,5,3,False,1.741978618502748
17427.685125500084,2,2,False,1.383064255913512
17427.685125500084,3,2,False,1.5968056073583403
17427.685125500084,4,2,False,1.5831206824197999
17427.685125500084,3,3,False,1.748975357301302
17427.685125500084,6,5,False,1.5106557304304766
17427.685125500084,2,2,False,1.7903249944014452
17427.685125500084,1,1,True,1.0176472564813641
17427.685125500084,3,1,True,1.7280950401925963
17427.685125500084,5,3,False,1.4744631184616976
38888.888888888876,4,3,False,1.5228701532140774
38888.888888888876,7,3,False,1.4716823239872279
38888.888888888876,3,3,False,1.6941727905652488
38888.888888888876,1,1,True,1.1486048690946087
38888.888888888876,5,4,False,1.4904431813005696
38888.888888888876,6,3,False,1.8814421034122566
38888.888888888876,4,4,False,1.4568091208876564
38888.888888888876,1,1,True,1.2831554903137845
38888.888888888876,2,2,False,1.2713051975535097
38888.888888888876,3,3,False,1.2346455035049488
38888.888888888876,5,4,False,1.67111435401615
38888.888888888876,5,3,False,1.594165521486095
38888.888888888876,5,3,False,1.2208020740204777
38888.888888888876,5,4,False,1.4707706387125437
38888.888888888876,3,3,False,1.83604586970629
38888.888888888876,1,1,True,1.4083715898248048
38888.888888888876,2,2,False,1.5352610209160948
38888.888888888876,5,2,False,1.8451535764547762
38888.888888888876,1,1,True,1.3946484920114208
38888.888888888876,4,3,False,1.2432016104350805
38888.888888888876,3,3,False,1.9280092139974803
38888.888888888876,3,3,False,1.685606461133136
38888.888888888876,4,3,False,1.872237458244743
38888.888888888876,3,3,False,1.465749869621203
38888.888888888876,2,2,False,1.2768260183634523
38888.888888888876,8,4,False,1.647542154744799
38888.888888888876,7,6,False,1.8838665959311693
38888.888888888876,3,3,False,1.496782666457721
38888.888888888876,3,3,False,1.4117109944590764
38888.888888888876,2,2,False,1.2575102974595167
38888.888888888876,5,5,False,1.6636804175328708
38888.888888888876,3,3,False,1.5846683795406642
38888.888888888876,0,0,False,0
38888.888888888876,2,2,False,1.2526993761211094
38888.888888888876,4,3,False,1.6163978219467117
38888.888888888876,6,6,False,1.5675284049484717
38888.888888888876,0,0,False,0
38888.888888888876,5,5,False,1.972444175300239
38888.888888888876,5,4,False,1.6024714860962912
38888.888888888876,2,2,False,1.1622126274634932
38888.888888888876,3,3,False,1.2911181144779855
38888.888888888876,4,4,False,1.8127891263236582
38888.888888888876,1,1,True,1.5413817051642458
38888.888888888876,5,4,False,1.7762579264935805
38888.888888888876,2,1,True,1.7230300842893524
38888.888888888876,3,3,False,1.663234502671564
38888.888888888876,3,2,False,1.6397913905780763
38888.888888888876,1,1,True,1.4999212797918897
38888.888888888876,5,5,False,1.6534795843814525
38888.888888888876,4,4,False,1.9739273229717227
38888.888888888876,2,2,False,1.494219006332162
38888.888888888876,4,4,False,1.5046326941251051
38888.888888888876,2,1,True,1.199564050366414
38888.888888888876,2,2,False,1.7509145873879257
38888.888888888876,5,3,False,1.6223256768981171
38888.888888888876,2,2,False,1.7321383005768707
38888.888888888876,3,2,False,1.3730917289922455
38888.888888888876,5,4,False,1.910540615883071
38888.888888888876,3,3,False,1.4887310642469447
38888.888888888876,3,2,False,1.7834995541818808
38888.888888888876,4,4,False,1.6856931555560775
38888.888888888876,5,3,False,1.8144978343419722
38888.888888888876,0,0,False,0
38888.888888888876,8,7,False,1.843999492744842
38888.888888888876,5,4,False,1.8515912893784812
38888.888888888876,2,2,False,1.31634038838389
38888.888888888876,4,4,False,1.8141370934147802
38888.888888888876,4,4,False,1.4933690514591027
38888.888888888876,3,3,False,1.7407269193988355
38888.888888888876,5,4,False,1.779811666305632
38888.888888888876,6,3,False,1.3922427995684892
38888.888888888876,4,4,False,1.5349893679325763
38888.888888888876,3,3,False,1.5885318143156777
38888.888888888876,5,5,False,1.575305044849061
38888.888888888876,3,3,False,1.8125844408912848
38888.888888888876,3,3,False,1.354747710728176
38888.888888888876,10,7,False,1.6280052423698281
38888.888888888876,7,5,False,1.6376641210392853
38888.888888888876,2,2,False,1.4481210250968997
38888.888888888876,2,2,False,1.5237115624334903
38888.888888888876,0,0,False,0
38888.888888888876,5,5,False,1.7216944325325296
38888.888888888876,5,5,False,1.725326221942289
38888.888888888876,5,5,False,1.739832889454264
38888.888888888876,2,1,True,1.2960377531292597
38888.888888888876,4,4,False,1.589870026060827
38888.888888888876,3,3,False,1.592198828125894
38888.888888888876,4,4,False,1.7035305436117463
38888.888888888876,5,5,False,2.036082090198194
38888.888888888876,3,3,False,1.3964850129860515
38888.888888888876,1,1,True,1.3911118375730886
38888.888888888876,5,5,False,1.7130133853894598
38888.888888888876,5,4,False,1.796710169237047
38888.888888888876,2,2,False,1.628294820700408
38888.888888888876,3,3,False,1.5931591542420955
38888.888888888876,3,3,False,1.665802228709692
38888.888888888876,3,3,False,1.3022189146467882
38888.888888888876,1,1,True,1.2271430527926988
38888.888888888876,4,3,False,1.7097446408799013
38888.888888888876,6,5,False,1.533256004544734
1953124.9999999963,21,17,False,1.919861133385643
1953124.9999999963,16,14,False,1.6618127085195595
1953124.9999999963,16,13,False,1.9843722230379663
1953124.9999999963,14,13,False,1.9417499428376113
1953124.9999999963,18,15,False,1.9432717975869773
1953124.9999999963,14,13,False,1.7441733348594528
1953124.9999999963,11,10,False,1.7856202870386846
1953124.9999999963,14,12,False,1.69007173196104
1953124.9999999963,8,8,False,1.8325336916573243
1953124.9999999963,9,9,False,1.5250305511165783
1953124.9999999963,13,8,False,1.7492250209154416
1953124.9999999963,10,10,False,1.8956779545938243
1953124.9999999963,12,9,False,2.0251517642162677
1953124.9999999963,15,14,False,1.5211661491410635
1953124.9999999963,14,12,False,1.8017846910585498
1953124.9999999963,12,10,False,1.4627673593451256
1953124.9999999963,17,13,False,1.715914610089053
1953124.9999999963,16,14,False,1.82678604687171
1953124.9999999963,10,7,False,1.4690735497118177
1953124.9999999963,8,8,False,1.9949376633245415
1953124.9999999963,19,17,False,1.8884240103643601
1953124.9999999963,9,7,False,1.6668538933261368
1953124.9999999963,13,9,False,1.7164384829113768
1953124.9999999963,7,7,False,1.8795106283877785
1953124.9999999963,11,9,False,1.8493192193748174
1953124.9999999963,17,12,False,1.4919386274285573
1953124.9999999963,14,11,False,1.7019130145954684
1953124.9999999963,6,6,False,1.9833954798087663
1953124.9999999963,17,10,False,1.8036449970641728
1953124.9999999963,12,10,False,1.5789086430621893
1953124.9999999963,15,8,False,2.192020230672378
1953124.9999999963,14,11,False,2.0895217615240265
1953124.9999999963,12,9,False,1.6124558547714385
1953124.9999999963,14,12,False,1.6880014366683334
1953124.9999999963,16,12,False,2.0199356172519773
1953124.9999999963,12,10,False,1.555647951190403
1953124.9999999963,13,10,False,1.799670341692308
1953124.9999999963,12,12,False,1.6965499774086232
1953124.9999999963,10,7,False,2.1321214834189286
1953124.9999999963,15,12,False,1.6029218270773846
1953124.9999999963,7,6,False,1.6721193293396996
1953124.9999999963,7,6,False,1.6556628577751293
1953124.9999999963,10,7,False,1.7331974114580733
1953124.9999999963,10,9,False,1.7790527911896779
1953124.9999999963,5,5,False,1.4986345293123275
1953124.9999999963,13,11,False,1.9082842403807585
1953124.9999999963,15,14,False,1.6327751916444448
1953124.9999999963,7,7,False,1.69217114911349
1953124.9999999963,10,10,False,1.7153566952024786
1953124.9999999963,11,9,False,1.5940046042965104
1953124.9999999963,12,10,False,1.7699344263417458
1953124.9999999963,1,1,True,2.0109497666071627
1953124.9999999963,11,11,False,1.7293681533188303
1953124.9999999963,16,11,False,1.702749108272046
1953124.9999999963,10,9,False,1.600919893671357
1953124.9999999963,14,11,False,1.8178349204598985
1953124.9999999963,9,7,False,1.7776403961812082
1953124.9999999963,16,14,False,1.942770128550519
1953124.9999999963,21,14,False,2.031942881129315
1953124.9999999963,18,16,False,1.8695241268661176
1953124.9999999963,13,11,False,1.7321500222395299
1953124.9999999963,21,18,False,1.8901069922891753
1953124.9999999963,15,14,False,1.8957119464493837
1953124.9999999963,16,14,False,2.306178740837583
1953124.9999999963,12,11,False,1.9912012047103491
1953124.9999999963,11,11,False,1.7296643262204854
1953124.9999999963,9,9,False,1.962863514459413
1953124.9999999963,10,9,False,1.4975493761040641
1953124.9999999963,16,13,False,1.7825692565911126
1953124.9999999963,8,7,False,2.02845273006169
1953124.9999999963,19,17,False,1.552213921740242
1953124.9999999963,8,8,False,1.7089522125737207
1953124.9999999963,11,11,False,1.8459221657321692
1953124.9999999963,9,9,False,1.666998264887877
1953124.9999999963,18,13,False,1.6104984423836788
1953124.9999999963,17,15,False,1.7452182759834218
1953124.9999999963,16,10,False,2.116895949994422
1953124.9999999963,17,14,False,1.578199494857524
1953124.9999999963,9,9,False,1.9140287764436767
1953124.9999999963,12,10,False,1.4213719874132587
1953124.9999999963,9,9,False,1.7399429602690792
1953124.9999999963,11,9,False,1.8285567541849441
1953124.9999999963,17,14,False,1.6680012854537447
1953124.9999999963,13,13,False,1.7899895562360544
1953124.9999999963,9,9,False,1.5873490127289156
1953124.9999999963,8,8,False,1.6788206613901748
1953124.9999999963,11,11,False,1.4814879511901566
1953124.9999999963,7,6,False,1.6465209697862067
1953124.9999999963,17,12,False,2.0774246753822845
1953124.9999999963,12,11,False,1.5401590358975605
1953124.9999999963,15,12,False,1.7022109715708804
1953124.9999999963,21,14,False,1.7367960970833038
1953124.9999999963,14,11,False,1.8989323543673868
1953124.9999999963,11,10,False,1.7310454947694536
1953124.9999999963,9,8,False,1.7070622334241001
1953124.9999999963,18,16,False,1.7439442048255829
1953124.9999999963,16,10,False,1.7141322338121905
1953124.9999999963,9,9,False,1.3432655715936355
1953124.9999999963,20,15,False,1.7789961476740568
1953124.9999999963,16,12,False,1.958978326215324
1495520923.7305162,104,87,False,1.6164902391116618
1495520923.7305162,115,100,False,1.6168782895674891
1495520923.7305162,97,80,False,1.6011770916679633
1495520923.7305162,110,96,False,1.6142828417371546
1495520923.7305162,121,105,False,1.6173726880830153
1495520923.7305162,111,96,False,1.6164227782161296
1495520923.7305162,112,97,False,1.6025623474953994
1495520923.7305162,126,102,False,1.61914022001004
1495520923.7305162,140,118,False,1.6184643334946032
1495520923.7305162,93,79,False,1.619318170363825
1495520923.7305162,135,110,False,1.6165531979208108
1495520923.7305162,121,98,False,1.6069229781593362
1495520923.7305162,124,100,False,1.6130551102004076
1495520923.7305162,102,87,False,1.6167452051206945
1495520923.7305162,114,96,False,1.609583411437806
1495520923.7305162,125,106,False,1.6169501427667885
1495520923.7305162,118,99,False,1.6147882975013887
1495520923.7305162,99,77,False,1.5727706760505429
1495520923.7305162,130,106,False,1.6096908185197667
1495520923.7305162,127,105,False,1.6170797135549313
1495520923.7305162,122,99,False,1.6154736527139533
1495520923.7305162,110,94,False,1.6171389764653017
1495520923.7305162,109,95,False,1.618883200001289
1495520923.7305162,101,80,False,1.6190878238779858
1495520923.7305162,113,100,False,1.611744297841032
1495520923.7305162,109,86,False,1.6088486186266264
1495520923.7305162,96,82,False,1.613390432864923
1495520923.7305162,132,100,False,1.6026397819170743
1495520923.7305162,124,102,False,1.6189795038419816
1495520923.7305162,111,93,False,1.5998603617119591
1495520923.7305162,101,86,False,1.6082007532306224
1495520923.7305162,120,95,False,1.6144114578508446
1495520923.7305162,116,96,False,1.6125631437821188
1495520923.7305162,90,77,False,1.6089197680707152
1495520923.7305162,117,98,False,1.613682038940217
1495520923.7305162,106,86,False,1.6196094705248727
1495520923.7305162,129,104,False,1.6183500951812628
1495520923.7305162,115,97,False,1.6172161796451594
1495520923.7305162,110,96,False,1.617805067857925
1495520923.7305162,96,85,False,1.595766223606759
1495520923.7305162,120,107,False,1.6170411063713341
1495520923.7305162,129,102,False,1.6142703404948697
1495520923.7305162,98,82,False,1.6161006680433072
1495520923.7305162,117,100,False,1.6193106874363654
1495520923.7305162,90,79,False,1.6162711948801278
1495520923.7305162,118,99,False,1.619672897682357
1495520923.7305162,102,91,False,1.6185581758244114
1495520923.7305162,105,91,False,1.6152063689295977
1495520923.7305162,98,77,False,1.5924132306443362
1495520923.7305162,107,94,False,1.6155441179503738
1495520923.7305162,109,91,False,1.6090708478018074
1495520923.7305162,123,103,False,1.6156384335667753
1495520923.7305162,103,85,False,1.6105929769322767
1495520923.7305162,98,81,False,1.613904010914638
1495520923.7305162,110,92,False,1.6172506426044684
1495520923.7305162,105,92,False,1.6118641194036993
1495520923.7305162,115,103,False,1.6192895611812526
1495520923.7305162,102,84,False,1.6137697757649165
1495520923.7305162,133,109,False,1.6130323444907646
1495520923.7305162,108,89,False,1.6141519169807033
1495520923.7305162,125,100,False,1.618630126789927
1495520923.7305162,99,85,False,1.61735913926868
1495520923.7305162,113,94,False,1.6039162136951595
1495520923.7305162,107,92,False,1.6185243794367703
1495520923.7305162,109,81,False,1.6115344015409772
1495520923.7305162,104,85,False,1.6164256019671461
1495520923.7305162,109,93,False,1.617629162718075
1495520923.7305162,107,94,False,1.6124327833205334
1495520923.7305162,107,87,False,1.6161262980289002
1495520923.7305162,109,102,False,1.618689547578729
1495520923.7305162,124,99,False,1.6193958956902135
1495520923.7305162,107,93,False,1.6175133256890695
1495520923.7305162,107,90,False,1.6161514250753735
1495520923.7305162,124,96,False,1.6036471769101177
1495520923.7305162,114,98,False,1.6148852528875843
1495520923.7305162,122,97,False,1.6154098350238928
1495520923.7305162,125,102,False,1.6180603008422825
1495520923.7305162,123,106,False,1.6152373769834667
1495520923.7305162,117,97,False,1.5805771026463844
1495520923.7305162,126,99,False,1.6188771182370298
1495520923.7305162,114,101,False,1.6155172629873242
1495520923.7305162,98,89,False,1.618004552487996
1495520923.7305162,124,97,False,1.6116810027536137
1495520923.7305162,102,91,False,1.6137038486950568
1495520923.7305162,113,99,False,1.610331807634906
1495520923.7305162,105,86,False,1.6185024117184978
1495520923.7305162,118,97,False,1.5979555330068271
1495520923.7305162,114,94,False,1.6119816254891035
1495520923.7305162,117,99,False,1.5966045391730477
1495520923.7305162,118,105,False,1.609683931358687
1495520923.7305162,117,101,False,1.616014240691177
1495520923.7305162,122,104,False,1.6195235822039744
1495520923.7305162,95,79,False,1.6061788756048305
1495520923.7305162,112,101,False,1.584540268734665
1495520923.7305162,120,101,False,1.6137900259923668
1495520923.7305162,103,88,False,1.604029809120866
1495520923.7305162,109,99,False,1.6091510638219104
1495520923.7305162,93,82,False,1.6046084576548787
1495520923.7305162,104,88,False,1.6071967575037451
1495520923.7305162,114,93,False,1.6196764282506582
3557236238.3694777,159,130,False,1.6184908297694307
3557236238.3694777,154,125,False,1.607434537731947
3557236238.3694777,156,132,False,1.6121645517624965
3557236238.3694777,140,112,False,1.615778674233592
3557236238.3694777,131,111,False,1.613850228842029
3557236238.3694777,170,141,False,1.6109914259101146
3557236238.3694777,149,123,False,1.6180707348287402
3557236238.3694777,150,129,False,1.6172411371683726
3557236238.3694777,164,126,False,1.6182581376601113
3557236238.3694777,144,122,False,1.6128215997024156
3557236238.3694777,142,123,False,1.614796097471327
3557236238.3694777,161,135,False,1.6056056441769242
3557236238.3694777,160,138,False,1.6106657257215897
3557236238.3694777,174,144,False,1.6133892038141855
3557236238.3694777,178,140,False,1.6103087072491316
3557236238.3694777,158,130,False,1.6182429889219236
3557236238.3694777,143,121,False,1.6116005304917884
3557236238.3694777,153,122,False,1.61869051689366
3557236238.3694777,143,118,False,1.6067103222849282
3557236238.3694777,142,117,False,1.6140248254394758
3557236238.3694777,174,139,False,1.606698311183694
3557236238.3694777,154,125,False,1.6078033895071606
3557236238.3694777,136,111,False,1.61845933424867
3557236238.3694777,176,142,False,1.6144660218963076
3557236238.3694777,142,123,False,1.6149703915005191
3557236238.3694777,149,126,False,1.6178181301414187
3557236238.3694777,152,122,False,1.598991514011781
3557236238.3694777,159,128,False,1.612402391542595
3557236238.3694777,174,140,False,1.6115652263151934
3557236238.3694777,161,131,False,1.6173804123289464
3557236238.3694777,159,144,False,1.6112831323196215
3557236238.3694777,133,113,False,1.6169360625171372
3557236238.3694777,136,119,False,1.617899715437621
3557236238.3694777,152,131,False,1.6058628277569802
3557236238.3694777,147,125,False,1.5935279974616048
3557236238.3694777,127,109,False,1.6148393704992348
3557236238.3694777,163,137,False,1.6169929595993153
3557236238.3694777,149,124,False,1.6183527437846899
3557236238.3694777,145,122,False,1.604252508247852
3557236238.3694777,170,137,False,1.6143630933135595
3557236238.3694777,140,110,False,1.617198260635791
3557236238.3694777,161,134,False,1.603157721522249
3557236238.3694777,150,131,False,1.6166546668763024
3557236238.3694777,164,132,False,1.618474247419872
3557236238.3694777,160,140,False,1.6183524225218615
3557236238.3694777,150,123,False,1.6150372067486238
3557236238.3694777,139,114,False,1.607491108992835
3557236238.3694777,127,109,False,1.6186645541332745
3557236238.3694777,168,139,False,1.617434233197989
3557236238.3694777,164,133,False,1.617976940998239
3557236238.3694777,144,122,False,1.61633002946091
3557236238.3694777,138,120,False,1.6181492057220426
3557236238.3694777,127,110,False,1.6169580895920872
3557236238.3694777,174,143,False,1.6150256777026368
3557236238.3694777,154,129,False,1.6094165429135527
3557236238.3694777,165,141,False,1.6094148818005056
3557236238.3694777,165,139,False,1.6162164307068088
3557236238.3694777,159,133,False,1.6114135419427602
3557236238.3694777,182,141,False,1.6163327312412537
3557236238.3694777,156,135,False,1.6168279468669056
3557236238.3694777,125,111,False,1.61480058846144
3557236238.3694777,150,131,False,1.6123667198024232
3557236238.3694777,166,137,False,1.6170920767133954
3557236238.3694777,155,123,False,1.6155650699751736
3557236238.3694777,181,142,False,1.6181044678768675
3557236238.3694777,156,127,False,1.614137431520881
3557236238.3694777,149,122,False,1.5999627321359218
3557236238.3694777,133,120,False,1.6160541361312752
3557236238.3694777,162,133,False,1.6172151841055435
3557236238.3694777,158,134,False,1.6108444797171035
3557236238.3694777,161,135,False,1.613585508331388
3557236238.3694777,118,104,False,1.6031042207235846
3557236238.3694777,158,129,False,1.616134487244356
3557236238.3694777,157,135,False,1.6026535937297954
3557236238.3694777,144,125,False,1.6180520696232652
3557236238.3694777,161,135,False,1.5919939011536888
3557236238.3694777,164,130,False,1.6111578260807649
3557236238.3694777,138,119,False,1.595272147260249
3557236238.3694777,144,118,False,1.6155420887304877
3557236238.3694777,185,149,False,1.6176769117727934
3557236238.3694777,164,129,False,1.6072387778700747
3557236238.3694777,137,115,False,1.594392381584039
3557236238.3694777,177,139,False,1.6175459336363358
3557236238.3694777,141,114,False,1.614932542263771
3557236238.3694777,121,103,False,1.6112875049111621
3557236238.3694777,151,131,False,1.6185461282323816
3557236238.3694777,156,134,False,1.6161506166520985
3557236238.3694777,148,127,False,1.6116867428986132
3557236238.3694777,130,110,False,1.608121396290653
3557236238.3694777,150,125,False,1.611010986343943
3557236238.3694777,131,114,False,1.6101028957634989
3557236238.3694777,157,127,False,1.616634614925415
3557236238.3694777,146,130,False,1.613510187246811
3557236238.3694777,166,134,False,1.6089080552992507
3557236238.3694777,143,124,False,1.6122798954769861
3557236238.3694777,135,115,False,1.6105316745920022
3557236238.3694777,153,127,False,1.6155973012087197
3557236238.3694777,143,126,False,1.5862944982514398
3557236238.3694777,137,117,False,1.6168105586616706
3557236238.3694777,164,136,False,1.6080446306725822
7181705435.888502,161,136,False,1.6023166859423454
7181705435.888502,172,147,False,1.601336287392373
7181705435.888502,175,149,False,1.604237617491908
7181705435.888502,176,148,False,1.606946881414417
7181705435.888502,188,160,False,1.605419729313264
7181705435.888502,208,176,False,1.6087974135196141
7181705435.888502,205,172,False,1.6083953453238775
7181705435.888502,204,165,False,1.6047654405505158
7181705435.888502,196,169,False,1.6068646048326336
7181705435.888502,167,144,False,1.6013402819514648
7181705435.888502,184,154,False,1.6081455287729354
7181705435.888502,184,146,False,1.6071070945433485
7181705435.888502,195,166,False,1.5990297010764318
7181705435.888502,178,146,False,1.6054222889035288
7181705435.888502,188,146,False,1.595652406079799
7181705435.888502,178,150,False,1.6077702316567621
6591796.875000011,14,12,False,1.7326521452558055
6591796.875000011,22,18,False,1.888940338153008
6591796.875000011,22,16,False,1.897569221161598
6591796.875000011,22,19,False,1.7669205334463793
6591796.875000011,21,19,False,1.7445469651647536
6591796.875000011,18,17,False,1.6780861680716321
6591796.875000011,14,11,False,1.6330366004871126
6591796.875000011,15,13,False,1.78454776613643
6591796.875000011,26,24,False,2.030226198322643
6591796.875000011,13,10,False,1.910330891878587
6591796.875000011,15,12,False,1.8100405897477845
6591796.875000011,16,14,False,1.9959509952896184
6591796.875000011,25,20,False,1.9349365340112539
6591796.875000011,16,12,False,1.8954295724809593
6591796.875000011,24,16,False,2.009647769395485
6591796.875000011,21,18,False,1.9253636841808923
6591796.875000011,24,21,False,1.7351396354392226
6591796.875000011,20,16,False,1.9828717635905564
6591796.875000011,29,26,False,1.7821636717880107
6591796.875000011,15,12,False,1.643701251304437
6591796.875000011,24,21,False,2.0336470856109177
6591796.875000011,15,14,False,1.78264896981388
6591796.875000011,15,15,False,1.7314241996716742
6591796.875000011,19,14,False,1.8896523977311421
6591796.875000011,19,17,False,1.8533311572626614
6591796.875000011,27,22,False,1.9191508042597474
6591796.875000011,13,11,False,1.728670239003267
6591796.875000011,19,12,False,1.9535721999150923
6591796.875000011,22,18,False,1.8740600297965062
6591796.875000011,16,12,False,1.5447411256198018
6591796.875000011,29,20,False,1.7258067052558228
6591796.875000011,11,11,False,1.8463398068795174
6591796.875000011,28,25,False,1.9680496316600957
6591796.875000011,21,18,False,1.6134025571304185
6591796.875000011,23,18,False,1.572354889173393
6591796.875000011,23,20,False,1.956505471734427
6591796.875000011,20,19,False,2.052432582825854
6591796.875000011,22,18,False,1.9300284413051736
6591796.875000011,19,15,False,1.7490953344934879
6591796.875000011,31,28,False,1.8540992238551446
6591796.875000011,16,14,False,1.8771819566282755
6591796.875000011,25,20,False,1.9260439807082639
6591796.875000011,24,19,False,2.0915290766154038
6591796.875000011,19,14,False,1.9545963021223374
6591796.875000011,14,12,False,1.8203376626824979
6591796.875000011,11,10,False,1.715480144551904
6591796.875000011,24,20,False,1.5980638954909736
6591796.875000011,20,17,False,1.8002322973412896
6591796.875000011,13,12,False,1.6520015860270225
6591796.875000011,18,16,False,1.8525984546763703
6591796.875000011,13,11,False,1.7505102581271315
6591796.875000011,24,23,False,1.9034151656239857
6591796.875000011,25,21,False,1.7809169192987422
6591796.875000011,27,23,False,1.70911954633992
6591796.875000011,18,16,False,1.9537855595787061
6591796.875000011,14,12,False,1.7570656771893174
6591796.875000011,24,19,False,2.0355473456926227
6591796.875000011,16,13,False,1.8890275455592316
6591796.875000011,15,13,False,1.7587988342383096
6591796.875000011,22,19,False,1.8068162619220705
6591796.875000011,20,16,False,1.9153116166384658
6591796.875000011,16,16,False,1.6307038379733618
6591796.875000011,27,24,False,1.962203826108185
6591796.875000011,15,14,False,1.710414914016523
6591796.875000011,31,25,False,1.9291629331038982
6591796.875000011,18,15,False,1.7522852490507068
6591796.875000011,19,15,False,1.828662475997497
6591796.875000011,23,19,False,1.5697561643150986
6591796.875000011,25,22,False,1.9997266940687788
6591796.875000011,20,17,False,1.6974362905012241
6591796.875000011,22,16,False,1.8991955403788006
6591796.875000011,25,16,False,1.8234774807895826
6591796.875000011,23,18,False,1.9929969299507004
6591796.875000011,20,17,False,1.9002933906442576
6591796.875000011,15,13,False,2.0295666571512156
6591796.875000011,18,17,False,1.8389698201153641
6591796.875000011,27,18,False,2.2424883811496965
6591796.875000011,28,22,False,1.9578970669934113
6591796.875000011,20,15,False,1.6768794208536466
6591796.875000011,24,20,False,2.065689095412396
6591796.875000011,20,14,False,1.9322687589794638
6591796.875000011,20,17,False,1.8010900950018904
6591796.875000011,19,18,False,2.3536916955445126
6591796.875000011,26,23,False,1.8692188253181012
6591796.875000011,18,16,False,1.709633885319473
6591796.875000011,15,13,False,1.6544469057431757
6591796.875000011,20,16,False,1.6956990249953343
6591796.875000011,24,18,False,1.6661226830841234
6591796.875000011,20,18,False,1.9425084213991581
6591796.875000011,21,20,False,1.9325399426362027
6591796.875000011,20,16,False,1.9305257587228581
6591796.875000011,20,16,False,1.7983968403390287
6591796.875000011,26,19,False,1.6751087676054777
6591796.875000011,27,21,False,2.0144656882123555
6591796.875000011,20,18,False,1.8150621130965456
6591796.875000011,15,11,False,2.0790390824480673
6591796.875000011,24,21,False,1.755646860598759
6591796.875000011,26,17,False,1.8151267242560931
6591796.875000011,20,20,False,1.7516885389129575
6591796.875000011,22,16,False,1.9192290234507987
2937012343.0019674,157,125,False,1.661706239147144
2937012343.0019674,151,121,False,1.6667573466853571
2937012343.0019674,137,109,False,1.6659203560737705
2937012343.0019674,157,135,False,1.6645097761638101
2937012343.0019674,167,141,False,1.6414158128289393
2937012343.0019674,149,120,False,1.669225293547023
2937012343.0019674,173,138,False,1.6683818213886197
2937012343.0019674,153,132,False,1.6533569264958552
2937012343.0019674,141,113,False,1.6706925797658423
2937012343.0019674,142,117,False,1.670086641595327
2937012343.0019674,164,136,False,1.6691399071677948
2937012343.0019674,131,108,False,1.6645751473444028
2937012343.0019674,169,140,False,1.6643139249544567
2937012343.0019674,171,141,False,1.6560129334630072
2937012343.0019674,151,123,False,1.666622896857932
2937012343.0019674,160,136,False,1.67073841202741
2937012343.0019674,159,133,False,1.6641624011320761
2937012343.0019674,182,148,False,1.669699270913433
2937012343.0019674,119,98,False,1.668623616490008
2937012343.0019674,148,129,False,1.6622938594604124
2937012343.0019674,146,130,False,1.6707496192884848
2937012343.0019674,140,119,False,1.658493421545726
2937012343.0019674,149,120,False,1.6680231679212683
2937012343.0019674,140,117,False,1.6671959655863293
2937012343.0019674,135,107,False,1.6678491211960942
2937012343.0019674,134,116,False,1.6661652511938267
2937012343.0019674,149,132,False,1.6700166749832426
2937012343.0019674,176,137,False,1.6702796761763838
2937012343.0019674,160,132,False,1.6686891117522302
2937012343.0019674,144,126,False,1.659688906386118
2937012343.0019674,150,120,False,1.6685404592798243
2937012343.0019674,163,131,False,1.669905957043099
2937012343.0019674,168,137,False,1.6622880845025518
2937012343.0019674,151,122,False,1.6602919987277864
2937012343.0019674,136,120,False,1.6686401699497269
2937012343.0019674,167,134,False,1.6694691648529445
2937012343.0019674,193,153,False,1.6705752434109318
2937012343.0019674,135,114,False,1.6601078341345257
2937012343.0019674,120,107,False,1.6663024430208766
2937012343.0019674,159,137,False,1.6685184062463494
2937012343.0019674,149,125,False,1.6598032427640446
2937012343.0019674,141,112,False,1.6672804824591092
2937012343.0019674,176,151,False,1.6708749541700003
2937012343.0019674,144,119,False,1.6699701537497327
2937012343.0019674,156,131,False,1.6687498236721197
2937012343.0019674,172,140,False,1.66814684602305
2937012343.0019674,125,107,False,1.663759186093819
2937012343.0019674,170,133,False,1.6707146565081594
2937012343.0019674,172,141,False,1.6653264034630797
2937012343.0019674,141,120,False,1.6684542745721884
2937012343.0019674,143,119,False,1.6658989859114264
2937012343.0019674,148,119,False,1.6634387648526954
2937012343.0019674,165,139,False,1.668882329489672
2937012343.0019674,150,126,False,1.6650376589500062
2937012343.0019674,128,110,False,1.6579983078707552
2937012343.0019674,149,120,False,1.6474697379301833
2937012343.0019674,144,126,False,1.665948247719663
2937012343.0019674,161,133,False,1.6684680230633844
2937012343.0019674,150,127,False,1.6690873953353236
2937012343.0019674,158,130,False,1.6634671510903312
2937012343.0019674,156,124,False,1.6663129422704026
2937012343.0019674,152,127,False,1.6570743994282646
2937012343.0019674,148,116,False,1.669181937194531
2937012343.0019674,141,116,False,1.6702768529415977
2937012343.0019674,165,134,False,1.6618130687268988
2937012343.0019674,143,119,False,1.6457244636611335
2937012343.0019674,141,123,False,1.6586626197740673
2937012343.0019674,166,131,False,1.6626172221294764
2937012343.0019674,151,120,False,1.6660629368131732
2937012343.0019674,166,136,False,1.6667145047199894
2937012343.0019674,138,122,False,1.6706476096356597
2937012343.0019674,133,114,False,1.6667444567495484
2937012343.0019674,130,111,False,1.6638343498239248
2937012343.0019674,132,113,False,1.6657672202949676
2937012343.0019674,126,113,False,1.664478303660347
2937012343.0019674,158,133,False,1.6671525735294275
2937012343.0019674,155,125,False,1.664077458057646
2937012343.0019674,148,121,False,1.6627773200884202
2937012343.0019674,160,131,False,1.6281731102214627
2937012343.0019674,150,128,False,1.666716174955962
2937012343.0019674,150,121,False,1.662722769666766
2937012343.0019674,139,117,False,1.6651786450510135
2937012343.0019674,136,108,False,1.670990123108784
2937012343.0019674,155,136,False,1.6574001997916494
2937012343.0019674,144,126,False,1.670146459779382
2937012343.0019674,150,129,False,1.6520523384257446
15624999.99999997,22,21,False,2.039662270714294
15624999.99999997,26,23,False,2.1174991471476483
15624999.99999997,29,24,False,1.8026055814038806
15624999.99999997,36,33,False,2.058919900735366
15624999.99999997,23,21,False,1.726906915603217
15624999.99999997,32,28,False,1.6891642268644216
15624999.99999997,26,23,False,2.224289596145982
15624999.99999997,24,17,False,1.8041604490424674
15624999.99999997,26,20,False,1.7989712347524485
15624999.99999997,38,31,False,2.000394810341253
15624999.99999997,30,22,False,1.6052487317869526
15624999.99999997,38,31,False,1.9469362736493616
15624999.99999997,32,28,False,1.892898617750464
15624999.99999997,28,25,False,1.9113833671944702
15624999.99999997,28,23,False,1.8243383001107905
15624999.99999997,29,27,False,1.6529411311857325
15624999.99999997,25,21,False,1.71609086232037
15624999.99999997,21,18,False,1.9165085297296724
15624999.99999997,35,33,False,1.8362600032159877
15624999.99999997,21,17,False,1.9605560124825154
15624999.99999997,34,29,False,1.7562200320696952
15624999.99999997,32,29,False,1.7506465351751055
15624999.99999997,27,22,False,2.001184883624841
15624999.99999997,34,24,False,1.7336828629539986
15624999.99999997,25,21,False,1.6415536557392292
15624999.99999997,36,32,False,1.9395249889075772
15624999.99999997,30,25,False,2.1325960202869374
15624999.99999997,28,24,False,1.803487513455283
15624999.99999997,29,27,False,1.862136019150874
15624999.99999997,31,25,False,2.038985588136406
15624999.99999997,29,22,False,1.987775666816625
15624999.99999997,26,20,False,1.727369765340185
15624999.99999997,29,22,False,1.763824898360784
15624999.99999997,30,27,False,1.913105035275529
15624999.99999997,21,20,False,1.8295941058739784
15624999.99999997,24,21,False,1.7989935842789417
15624999.99999997,36,28,False,1.9889910321378834
15624999.99999997,22,22,False,1.9558717239171723
15624999.99999997,26,20,False,1.8690595236777308
15624999.99999997,37,27,False,1.8941936782331925
15624999.99999997,20,16,False,1.5521666424539713
15624999.99999997,24,19,False,1.864547411672508
15624999.99999997,31,28,False,1.6638337101522862
15624999.99999997,34,25,False,1.668965890634795
15624999.99999997,27,20,False,1.8230694879680638
15624999.99999997,36,31,False,2.074773149483842
15624999.99999997,19,15,False,1.908481446653022
15624999.99999997,26,22,False,1.8636420243101344
15624999.99999997,29,27,False,1.894750413385894
15624999.99999997,36,26,False,2.001266332410904
15624999.99999997,27,26,False,2.1868485353845037
15624999.99999997,27,24,False,1.886026180564061
15624999.99999997,20,18,False,1.7734662536582746
15624999.99999997,26,20,False,1.6063035921905209
15624999.99999997,24,21,False,2.0036688501675735
15624999.99999997,21,18,False,1.7839502999734398
15624999.99999997,22,21,False,1.8916916423704337
15624999.99999997,28,24,False,1.837611521844666
15624999.99999997,30,25,False,1.9149988220518288
15624999.99999997,35,32,False,1.9152138173929145
15624999.99999997,21,18,False,1.7992529645160638
15624999.99999997,37,28,False,1.9525621356632339
15624999.99999997,27,25,False,1.8454478540299286
15624999.99999997,34,28,False,2.1284030927561908
15624999.99999997,27,21,False,1.7717167763412185
15624999.99999997,21,19,False,2.024065458818195
15624999.99999997,29,24,False,1.893454471311602
15624999.99999997,25,22,False,2.115598746784809
15624999.99999997,29,27,False,1.8159684923015047
15624999.99999997,36,29,False,1.8727742952298743
15624999.99999997,33,27,False,1.7795114393104035
15624999.99999997,29,23,False,1.9407658620045742
15624999.99999997,29,26,False,2.170982434764405
15624999.99999997,28,25,False,2.1715073024157188
15624999.99999997,26,24,False,1.8632213364040817
15624999.99999997,12,10,False,1.899561461394429
15624999.99999997,28,22,False,1.7035119218565804
15624999.99999997,24,20,False,1.966705708863951
15624999.99999997,32,27,False,1.806007066253666
15624999.99999997,20,18,False,1.751212200074832
15624999.99999997,32,25,False,1.8191541865487781
15624999.99999997,29,25,False,1.9737476257210544
15624999.99999997,21,20,False,1.9839600178027783
15624999.99999997,21,18,False,1.8228514956793296
15624999.99999997,21,15,False,1.996907099021018
15624999.99999997,34,30,False,1.7840682973947042
15624999.99999997,26,23,False,2.096306283157349
15624999.99999997,29,27,False,1.698499693015261
15624999.99999997,33,24,False,1.8149613150854322
15624999.99999997,22,20,False,1.6682821297716712
15624999.99999997,24,22,False,1.9435571273422585
15624999.99999997,33,26,False,1.9386850484973805
15624999.99999997,28,21,False,1.7145776848427037
15624999.99999997,24,20,False,1.9481590460611165
15624999.99999997,30,21,False,1.8241950158556215
15624999.99999997,33,30,False,1.841135277898266
15624999.99999997,23,22,False,1.7992691443138016
15624999.99999997,32,25,False,1.8287965879033985
15624999.99999997,24,18,False,1.8072201266921395
15624999.99999997,17,17,False,1.6791851506431628
30517578.12500004,34,28,False,1.8953256790675383
30517578.12500004,26,22,False,1.9900742810293437
30517578.12500004,46,34,False,1.831331644696812
30517578.12500004,38,30,False,1.742175714952027
30517578.12500004,30,28,False,2.029166386710892
30517578.12500004,41,36,False,2.0313657748872833
30517578.12500004,42,34,False,1.9189442503931948
30517578.12500004,36,25,False,2.1298963438467005
30517578.12500004,41,32,False,1.640923507853151
30517578.12500004,42,35,False,1.8748678202390632
30517578.12500004,31,27,False,1.8723854731288356
30517578.12500004,41,33,False,1.9866530006970413
30517578.12500004,29,26,False,1.870557191053588
30517578.12500004,28,23,False,1.8555815759091316
30517578.12500004,35,27,False,1.7507977527242427
30517578.12500004,43,34,False,1.9396025905892706
30517578.12500004,30,26,False,1.9884564634143482
30517578.12500004,40,34,False,1.8033562273776262
30517578.12500004,35,29,False,1.897965407152147
30517578.12500004,33,26,False,1.9136287801275327
30517578.12500004,34,27,False,1.8099782372725528
30517578.12500004,46,36,False,2.0928698211976005
30517578.12500004,29,24,False,1.9314770251149633
30517578.12500004,32,29,False,2.336994382971334
30517578.12500004,40,33,False,1.9766732274946293
30517578.12500004,43,38,False,1.8444338785382315
30517578.12500004,37,26,False,1.9113045600850123
30517578.12500004,32,26,False,1.9969332570752947
30517578.12500004,34,28,False,1.9937098929254453
30517578.12500004,46,37,False,2.040556366771727
30517578.12500004,38,30,False,1.80860895129217
30517578.12500004,40,31,False,1.9390774630530587
30517578.12500004,44,37,False,1.879422501615564
30517578.12500004,28,24,False,2.2079694922796413
30517578.12500004,18,17,False,1.9022065335465301
30517578.12500004,24,22,False,1.8394949557322406
30517578.12500004,40,34,False,1.9320161878520066
30517578.12500004,36,30,False,1.8476504508232496
30517578.12500004,45,38,False,1.8265772700975897
30517578.12500004,42,34,False,1.9592007870763812
30517578.12500004,39,34,False,1.7440657024143764
30517578.12500004,33,27,False,1.9992433498539077
30517578.12500004,38,31,False,2.007021742879058
30517578.12500004,35,30,False,2.199074091099665
30517578.12500004,45,40,False,2.127419577097004
30517578.12500004,37,28,False,1.816824764411529
30517578.12500004,33,26,False,1.8813206538777218
30517578.12500004,39,33,False,1.660731225976743
30517578.12500004,28,23,False,1.6757407706649403
30517578.12500004,37,33,False,1.702344720983986
30517578.12500004,34,30,False,2.037909128924341
30517578.12500004,33,31,False,1.7425207885686524
30517578.12500004,41,34,False,1.7670072905870937
30517578.12500004,33,28,False,1.9456183225246595
30517578.12500004,39,35,False,2.018801194462027
30517578.12500004,37,32,False,1.9964823645236658
30517578.12500004,26,25,False,1.7043697713800023
30517578.12500004,29,24,False,1.7795982023201438
30517578.12500004,31,24,False,1.8637643629686522
30517578.12500004,29,27,False,2.091078548078253
30517578.12500004,27,26,False,1.7060011883789086
30517578.12500004,24,20,False,1.9660890809175895
30517578.12500004,45,39,False,1.7767443266515985
30517578.12500004,33,26,False,1.985554565884923
30517578.12500004,32,27,False,1.920517225124166
30517578.12500004,32,30,False,2.0475272248686798
30517578.12500004,44,37,False,1.8749588249332256
30517578.12500004,33,27,False,1.8840947680849944
30517578.12500004,29,25,False,1.7179282684891448
30517578.12500004,29,26,False,1.8587462352782915
30517578.12500004,33,28,False,1.8221978290206693
30517578.12500004,38,30,False,1.8181984251862926
30517578.12500004,39,31,False,2.010683041706058
30517578.12500004,36,31,False,1.9053918723301901
30517578.12500004,44,36,False,1.8738312600587
30517578.12500004,38,30,False,2.0400231813284475
30517578.12500004,28,27,False,1.7160045129703367
30517578.12500004,37,34,False,1.9615552421875864
30517578.12500004,27,24,False,2.0394460491117603
30517578.12500004,36,31,False,1.8727968161852233
30517578.12500004,29,24,False,1.9362314599990182
30517578.12500004,28,23,False,1.85918701425725
30517578.12500004,39,33,False,1.8623437566210774
30517578.12500004,37,30,False,1.941892355255791
30517578.12500004,39,33,False,1.883563252573894
30517578.12500004,31,26,False,1.927445442506653
30517578.12500004,38,31,False,1.7911396690716876
30517578.12500004,36,33,False,1.756748992960064
30517578.12500004,39,32,False,2.032244056676333
30517578.12500004,42,38,False,2.163901048267206
30517578.12500004,32,29,False,1.812478047062815
30517578.12500004,35,27,False,1.8887666557531637
30517578.12500004,42,34,False,2.1493970712923964
30517578.12500004,24,23,False,1.7773790762091493
30517578.12500004,33,33,False,1.9617357984524388
30517578.12500004,29,26,False,1.8987794391675357
30517578.12500004,27,24,False,1.8745260114863551
30517578.12500004,47,38,False,1.8731247667088877
30517578.12500004,29,24,False,1.930560064664338
30517578.12500004,37,28,False,2.089286409685861
